<launch>
  <!-- Set true to use IMU into pose_ekf -->
  <arg name="publish_odom_tf" default="true"/>
  
  <!-- Run Roomba interface (using create_node) -->
  <node pkg="create_node" type="turtlebot_node.py" name="turtlebot_node" respawn="true" args="--respawnable">
    <param name="port" value="/dev/roomba" />
    <param name="robot_type" value="roomba" />
    <param name="has_gyro" value="false" />
    <param name="bonus" value="false" />
    <param name="update_rate" value="30.0" />
    <!-- <remap from="cmd_vel" to="mobile_base/commands/velocity" /> -->
    <remap from="turtlebot_node/sensor_state" to="mobile_base/sensors/core" />
    <!-- 2: safe,  3: full -->
    <param name="operation_mode" value="2" />
  </node>

  <!-- The odometry estimator -->
  <node if="$(arg publish_odom_tf)" pkg="robot_pose_ekf" type="robot_pose_ekf" name="robot_pose_ekf">
    <param name="freq" value="10.0"/>
    <param name="sensor_timeout" value="1.0"/>
    <param name="publish_tf" value="true"/>
    <param name="odom_used" value="true"/>
    <param name="imu_used" value="true"/>
    <param name="vo_used" value="false"/>
    <param name="output_frame" value="odom"/>
    <remap from="imu_data" to="imu/data"/>
  </node>

</launch>
